DoctorID,Name,Specialty,Phone,DepartmentID
1,Pernell Langthorn,Psychiatry,539-175-1304,439
2,Cynthy McCloughlin,Intensive,569-469-2552,167
3,Bald Danelutti,Physical,726-262-3013,387
4,Ibby Galpen,Radiology,264-229-8591,427
5,Marcello Mably,Psychiatry,290-739-7545,48
6,Janeva Antognelli,Unit,489-585-8792,407
7,Beatrisa Camblin,Laboratory,532-104-1965,413
8,Bronny Norkutt,Oncology,720-899-5467,12
9,Lorrin Miquelet,Emergency,675-246-0603,321
10,Humphrey Daburn,Emergency,650-930-8431,472
11,Mil Warlow,Nutrition,193-147-9971,131
12,Jordanna Sharer,Cardiology,354-728-6821,369
13,Alberta Hilldrup,Cardiology,275-140-8104,348
14,Rich Bauduccio,Pediatrics,670-281-0600,280
15,Tonia Ratray,Intensive,354-376-1210,18
16,Jordan Olijve,Nutrition,934-703-8473,2
17,Johannah Dowson,Unit,925-699-7815,307
18,Deloris Turnbull,Radiology,438-918-7788,129
19,Clint MacDonough,Oncology,368-591-0062,365
20,Berti Prantl,Emergency,253-578-4326,84
21,Regan Collacombe,Intensive,464-670-0003,125
22,Ida Almeida,Neurology,523-680-6097,186
23,Audie Bassilashvili,Oncology,282-943-1693,182
24,Eduardo MacKinnon,Radiology,307-662-8265,184
25,Valene Binnes,Obstetrics,385-494-5267,463
26,Addy Labuschagne,Intensive,596-233-0928,293
27,Luci Franciotti,Cardiology,747-158-5840,57
28,Saw Harrigan,Orthopedics,939-105-4191,57
29,Berty Rief,Unit,474-941-4211,303
30,Shae Spuner,Pharmacy,173-369-2828,59
31,Celene Traite,Physical,456-333-9654,149
32,Fania Pogue,Orthopedics,789-439-1509,434
33,Barny Caile,Physical,971-308-0171,499
34,Mirna Brandsma,Obstetrics,760-309-9313,105
35,Rafaello Coupman,Physical,737-591-0373,403
36,Lari Gjerde,Nutrition,204-702-8232,294
37,Avrit Haslock(e),Psychiatry,665-710-5546,194
38,Alyosha Batman,Care,718-803-6068,478
39,Rochette Semple,Neurology,782-206-7802,276
40,Osgood Schneidau,Gynecology,492-346-3818,383
41,Mollee Coop,Surgery,887-106-7927,129
42,Grethel Ughetti,Nutrition,331-452-1886,337
43,Martina Freiburger,Orthopedics,176-641-7554,66
44,Jodi Dornan,Care,216-751-7313,421
45,Lois Jeremaes,Gynecology,533-858-1347,214
46,Mic Coyish,Surgery,952-503-2534,210
47,Lorin Hehnke,Surgery,358-382-2172,37
48,Hortense Melpuss,Gynecology,648-310-8970,259
49,Luce Smogur,Cardiology,615-844-6415,366
50,Elberta Mansbridge,Obstetrics,858-301-3549,57
51,Myriam Beaglehole,Oncology,404-575-7651,283
52,Nickolaus Damsell,Oncology,877-494-8412,242
53,Jilli Eadmeades,Obstetrics,593-827-1102,453
54,Arin Castiglioni,Gynecology,441-309-0110,132
55,Lew Tearny,Physical,486-551-2412,480
56,Giselbert Oguz,Therapy,737-383-6552,491
57,Aron Aizlewood,Care,206-596-7042,47
58,Ellynn Hadingham,Psychiatry,342-831-1775,156
59,Evanne Dawidowsky,Care,781-485-6115,262
60,Kasey Benettolo,Psychiatry,589-388-9455,235
61,Katalin MacCallam,Laboratory,732-773-8729,124
62,Rafe Demkowicz,Cardiology,686-230-7562,296
63,Skipp Faulder,Psychiatry,989-658-4397,410
64,Padgett Beecroft,Cardiology,181-419-1055,14
65,Sherwood Divisek,Physical,269-118-3826,195
66,Cherlyn Cathersides,Laboratory,924-339-3922,323
67,Madalyn Vaszoly,Orthopedics,957-740-0597,400
68,Margaret Agass,Psychiatry,597-685-0882,198
69,Alexina Trowsdall,Pharmacy,651-565-6824,154
70,Portie Egger,Obstetrics,454-598-8080,7
71,Krystle Tremolieres,Laboratory,224-623-3497,245
72,Maurise Dunning,Neurology,825-722-8285,278
73,Ardis Breckell,Therapy,802-222-5473,246
74,Cherie Roomes,Intensive,807-133-4236,129
75,Madelyn Grattage,Orthopedics,922-402-3081,68
76,Betsey Mallia,Unit,327-147-5242,76
77,Cyndie Thamelt,Care,282-396-4180,433
78,Arlyne Tomik,Oncology,735-743-5120,390
79,Garik Astbery,Psychiatry,418-242-5523,324
80,Tiebold Eyres,Nutrition,477-562-0616,178
81,Tomi Suttill,Intensive,733-821-1369,131
82,Velma McRobert,Care,624-995-9404,84
83,Ricki Glendinning,Psychiatry,463-226-5840,447
84,Jasmina Baumaier,Obstetrics,406-843-4198,450
85,Rollin Antognazzi,Pharmacy,770-336-5693,73
86,Elita Gerding,Obstetrics,401-365-2146,229
87,Sebastian Tiller,Radiology,171-594-3755,468
88,Mischa Grzegorek,Laboratory,418-378-8504,138
89,Myer Mebes,Physical,201-944-2456,451
90,Felike Patten,Psychiatry,173-464-2772,194
91,Selby Allbon,Gynecology,435-305-4972,94
92,Sayre Lavalde,Obstetrics,749-342-7907,11
93,Paddie Faiers,Gynecology,471-393-8816,76
94,Marten Elwood,Radiology,361-578-7786,483
95,Darcey Morcom,Cardiology,144-671-1968,410
96,Meris Follet,Surgery,755-589-7662,17
97,Niccolo Pobjoy,Orthopedics,210-856-6345,52
98,Bram Hogsden,Orthopedics,694-559-5364,480
99,Rudyard Silverwood,Nutrition,887-745-1228,164
100,Brit Osler,Psychiatry,669-369-6118,395
101,Suzann Benson,Laboratory,692-898-0386,212
102,Lucretia Bromehed,Radiology,267-960-4015,430
103,Shirl Baldrick,Orthopedics,131-718-7015,116
104,Pieter Greenwood,Nutrition,247-521-9094,434
105,Elane Vitler,Care,675-615-8450,482
106,Shirleen Birckmann,Orthopedics,718-243-1682,127
107,Mellisa Dongall,Pediatrics,303-903-5491,222
108,Christie Butter,Radiology,679-494-8791,427
109,Chantalle Kelloch,Cardiology,551-690-1229,369
110,Terrill Bassom,Intensive,340-733-9756,367
111,Albina Sarjant,Intensive,780-676-8407,35
112,Werner Benaine,Emergency,254-125-3794,167
113,Fidela Ladbrooke,Nutrition,455-332-0189,15
114,Lauritz Strood,Gynecology,443-110-0157,43
115,Blinni Sizland,Nutrition,816-983-0716,232
116,Daveen Danilewicz,Cardiology,695-901-1370,204
117,Dusty Layzell,Emergency,952-894-7308,324
118,Townsend Deverale,Emergency,454-116-1234,289
119,Ade Devil,Cardiology,780-255-4506,103
120,Anatole Ledgister,Orthopedics,101-807-9668,422
121,Aurlie Plail,Radiology,452-923-6848,85
122,Gillian Viles,Orthopedics,596-957-8535,201
123,Lazar Sollars,Nutrition,126-493-1859,2
124,Emilee Hourihan,Neurology,423-253-4285,218
125,Hussein Rowet,Psychiatry,336-413-6107,497
126,Stefano Hounihan,Emergency,163-458-0774,313
127,Selestina Bwye,Psychiatry,362-216-3006,498
128,Bear MacCaughen,Obstetrics,754-317-4296,215
129,Elbertina Moodie,Psychiatry,761-584-1786,149
130,Meggy Dami,Emergency,182-787-5253,28
131,Dewain Sowle,Intensive,397-411-4927,75
132,Steffane Dummer,Cardiology,477-813-4517,76
133,Dru Laslett,Care,965-158-2552,238
134,Letitia Kubik,Physical,637-715-0263,234
135,Babb Wicher,Gynecology,297-428-5756,155
136,Boycie Brownsill,Nutrition,692-612-1018,346
137,Ade Coster,Emergency,243-819-6016,182
138,Jaimie Tritton,Laboratory,546-700-6225,217
139,Isadora Oxtoby,Neurology,986-288-6869,63
140,Emlen Abrey,Psychiatry,522-139-5670,237
141,Henrie Keaveney,Neurology,806-163-9798,191
142,Raquela Blanden,Cardiology,793-675-8088,58
143,Natassia Christauffour,Cardiology,139-402-4491,284
144,Gabriele Meachan,Obstetrics,713-545-8723,157
145,Ronna Reap,Intensive,738-540-9396,358
146,Jakie Beamson,Pediatrics,126-850-0235,449
147,Dorita Newbegin,Orthopedics,668-652-9624,56
148,Drucie Rothchild,Unit,736-939-7525,465
149,Robenia Carrabott,Neurology,902-146-0537,40
150,Shaina Duckett,Unit,437-576-2574,7
151,Joeann Sked,Physical,114-330-2333,56
152,Joly Camplin,Pharmacy,938-763-5716,388
153,Sherlocke Lagneaux,Nutrition,397-483-3180,414
154,Arnaldo Gutteridge,Radiology,289-680-6745,218
155,Mareah Moretto,Radiology,807-574-2104,147
156,Barbabra Linke,Physical,241-978-5135,428
157,Debora Aleshintsev,Care,953-802-3536,82
158,Chrystel Bilham,Psychiatry,738-575-9717,127
159,Christye Boerder,Physical,278-571-3637,389
160,Elka Wimms,Pharmacy,653-853-0726,120
161,Lonni Ruecastle,Nutrition,493-374-0748,421
162,Sandy Augustus,Cardiology,925-781-9367,403
163,Malissia Hinrichsen,Laboratory,813-925-1178,492
164,Othello Spraberry,Therapy,341-609-6996,161
165,Reamonn Tottie,Pediatrics,104-599-3393,446
166,Darell Bass,Neurology,409-232-5041,63
167,Nerte Andriveau,Gynecology,240-880-7779,213
168,Katine Capineer,Physical,956-984-7769,435
169,Austine Izhaky,Orthopedics,827-105-2151,104
170,Silvester Marchand,Therapy,476-664-8388,133
171,Ashli Assender,Therapy,964-761-9469,136
172,Dasha Dobing,Laboratory,166-440-0564,119
173,Gale Tawse,Neurology,904-360-0924,236
174,Minnaminnie Pelosi,Obstetrics,225-192-0698,64
175,Zorana Goble,Psychiatry,207-518-3476,173
176,Chaim Lindenberg,Surgery,956-427-2728,27
177,Thedrick Kellogg,Gynecology,420-507-3051,338
178,Jeramey Featherstonhaugh,Laboratory,725-744-0973,105
179,Waring Pedroli,Care,227-440-9305,423
180,Debora Lorraway,Nutrition,463-794-5167,50
181,Roland Tizzard,Obstetrics,252-945-6460,476
182,Maureene Crewe,Obstetrics,383-228-7294,205
183,Fina Gurnell,Orthopedics,622-233-1960,242
184,Durward Palay,Surgery,971-144-8425,420
185,Cassandra Hickenbottom,Therapy,809-189-6643,110
186,Murvyn Picopp,Pharmacy,161-960-9905,406
187,Selina Callen,Therapy,135-419-2081,125
188,Tresa O'Lagene,Psychiatry,786-275-9912,497
189,Rich Escalero,Obstetrics,194-328-4677,445
190,Hi McLauchlin,Neurology,358-697-1626,194
191,Kleon Roddy,Physical,304-168-5735,198
192,Van Ellicombe,Cardiology,373-209-8175,479
193,Lorrayne McArthur,Oncology,111-641-9434,292
194,Earl Shannon,Psychiatry,617-275-6938,80
195,Tuck Matuszynski,Oncology,304-881-2276,268
196,Noam Busek,Nutrition,954-942-4402,32
197,Doy Patters,Nutrition,876-448-8493,219
198,Archambault Schiersch,Nutrition,425-713-9499,362
199,Kristo Dinis,Unit,625-290-8207,490
200,Sonny Hammon,Nutrition,352-180-3957,377
201,Glenine Rickards,Nutrition,712-493-6232,361
202,Tatiania Dimitresco,Psychiatry,435-784-7244,420
203,Domenic Unitt,Orthopedics,461-221-4795,58
204,Joseito Glasscott,Cardiology,170-830-4698,31
205,Stevana Trenoweth,Emergency,585-212-2121,122
206,Felic Elwin,Psychiatry,218-991-2454,9
207,Charita Chadbourne,Orthopedics,386-333-4004,159
208,Mattheus Gookey,Psychiatry,900-273-3709,202
209,Janith Haldon,Care,664-370-8028,176
210,Jacquenetta Eitter,Radiology,177-108-6992,82
211,Meridel Stooders,Orthopedics,101-416-6255,107
212,Bondie Knolles-Green,Obstetrics,405-988-2057,177
213,Geralda Shoebotham,Psychiatry,258-845-6507,285
214,Indira Howlings,Pediatrics,688-223-3736,250
215,Sandie Shakeshaft,Gynecology,363-844-5213,478
216,Lorna Drewry,Nutrition,837-204-7967,77
217,Hadley Boate,Pharmacy,266-701-8902,492
218,Murdoch Wiggins,Care,359-203-2520,130
219,Quincy Doddemeade,Psychiatry,570-982-7094,440
220,Lenci Toupe,Neurology,264-738-7984,449
221,Charlton Doyle,Orthopedics,631-774-5792,45
222,Myer Paszek,Obstetrics,691-535-6169,288
223,Jana Eger,Orthopedics,270-651-8947,4
224,Ari Pattemore,Laboratory,563-516-6734,409
225,Milka Kee,Oncology,783-403-9638,452
226,Faber Waycott,Radiology,589-699-2831,66
227,Sidnee Andresser,Physical,404-746-1187,166
228,Geoff Bellworthy,Therapy,423-563-7996,414
229,Sharon Penhale,Nutrition,317-734-3895,187
230,Tann Gallahue,Cardiology,151-281-0456,252
231,Jakie Glaysher,Unit,832-290-2271,139
232,Marshal Doncaster,Radiology,818-115-2462,457
233,Sela Labin,Radiology,966-169-3449,192
234,Emilio Phin,Cardiology,941-493-8219,154
235,Marga Osgar,Pediatrics,368-151-3319,367
236,Roze Pattingson,Emergency,608-154-2801,288
237,Harmon Purveys,Emergency,962-631-8883,364
238,Lainey Edon,Pharmacy,541-411-3792,292
239,Darbee Luffman,Orthopedics,434-859-1503,474
240,Peyton Partrick,Pharmacy,473-427-2896,119
241,Muire Binley,Psychiatry,763-859-7032,282
242,Aimee Pagel,Pharmacy,597-485-7316,406
243,Candace Delahunt,Pharmacy,586-992-3854,355
244,Tristam Wollaston,Obstetrics,671-844-3956,257
245,Ebony Teresia,Emergency,235-708-4666,88
246,Bobbye Sussems,Unit,478-711-1816,404
247,Melesa Winchurch,Nutrition,573-386-1598,319
248,Ailina Orto,Pediatrics,328-301-6015,299
249,Clim Abrahamovitz,Radiology,107-998-1540,322
250,Nettle Seston,Orthopedics,421-988-3669,331
251,Lodovico Comley,Oncology,327-322-4420,85
252,Celestia Pinsent,Radiology,834-477-5908,271
253,Beauregard Clyant,Therapy,460-181-1552,75
254,Wylma Ramshay,Cardiology,997-401-5654,421
255,Nerti Gurys,Pharmacy,847-953-9364,140
256,Albertina Clue,Oncology,507-864-3720,406
257,Kimberlee Boik,Physical,128-526-5891,340
258,Seline Warrillow,Therapy,690-486-0668,33
259,Archaimbaud Bracco,Physical,425-108-7841,450
260,Allan Gronous,Intensive,157-639-0241,21
261,Barrie Oldridge,Emergency,993-568-8887,179
262,Cordie Christopher,Orthopedics,627-330-4698,322
263,Lilias Goretti,Radiology,559-288-2700,331
264,Birdie Eyam,Psychiatry,842-818-9438,482
265,Marlon Mewrcik,Laboratory,252-104-2795,490
266,Chelsy Tackett,Radiology,610-148-6072,303
267,Jelene Volker,Care,749-939-8170,32
268,Bliss Draisey,Radiology,188-127-1115,346
269,Aylmer Windous,Pharmacy,629-733-1780,420
270,Ernie Barff,Neurology,446-141-9041,96
271,Nixie Veljes,Surgery,751-150-5491,307
272,Donal Eble,Radiology,702-239-9142,101
273,Thaine De Matteis,Cardiology,117-646-8009,366
274,Edik Caffin,Care,168-673-3940,57
275,Temp Hayter,Cardiology,263-892-8197,349
276,Blake Mayhou,Care,667-532-3834,185
277,Bird Gurden,Therapy,767-168-1641,26
278,Evangelina Appleyard,Neurology,379-405-2553,381
279,Eileen Snelman,Neurology,886-899-4019,317
280,Barri Earley,Emergency,932-452-8687,350
281,Maura Guirardin,Intensive,568-798-4627,373
282,Ronnie Shoutt,Therapy,921-778-2440,233
283,Deborah Weatherburn,Unit,192-666-1886,131
284,Mavra Sillett,Radiology,663-514-3988,204
285,Mirna Stanistreet,Neurology,992-141-0575,386
286,Else Mitchall,Care,289-725-0068,369
287,Paul Greetland,Intensive,517-580-3331,52
288,Joli MacUchadair,Obstetrics,720-146-2122,471
289,Ariel Carratt,Therapy,401-133-5884,251
290,Marcelo Kirimaa,Psychiatry,721-849-1336,117
291,Nial Chastanet,Gynecology,786-961-1043,128
292,Siffre McCreery,Neurology,132-346-0413,144
293,Benoite Goodison,Pharmacy,977-230-7620,24
294,Tucky Coase,Cardiology,427-565-1060,363
295,Becki Kembry,Pharmacy,923-850-1506,67
296,Estele Beadles,Physical,130-171-0812,337
297,Brad Cleworth,Emergency,128-714-4334,60
298,Ronnie Ivanov,Psychiatry,839-338-8465,134
299,Mallorie Tommasuzzi,Intensive,854-580-5525,14
300,Ambrosio Banck,Pediatrics,265-362-5643,300
301,Kipper Batt,Intensive,165-855-6514,366
302,Kaitlyn Doggett,Gynecology,266-947-5128,315
303,Marthena Klimek,Laboratory,563-408-5894,472
304,Emlynne Rubinowitz,Obstetrics,882-812-2998,193
305,Phebe Gilffilland,Unit,404-809-6350,210
306,Ilaire Thamelt,Nutrition,205-821-1738,300
307,Darrin Basketfield,Intensive,676-628-7031,287
308,Estrella Dallosso,Radiology,417-755-6957,483
309,Mattie Leiden,Nutrition,582-429-7647,90
310,Chrystal Daldry,Pediatrics,760-204-5944,431
311,Denver Tarr,Nutrition,902-818-1760,365
312,Glori Doody,Pharmacy,410-479-1402,255
313,Colin Connal,Emergency,229-809-7412,279
314,Frans Lillecrap,Nutrition,568-420-7267,471
315,Davine Fice,Psychiatry,450-198-6173,477
316,Berkie Brookson,Cardiology,301-700-3968,446
317,Valma Wilder,Cardiology,529-865-2791,85
318,Waverley Seymer,Oncology,969-199-7154,196
319,Towney Oxer,Physical,730-579-5206,114
320,Pasquale Kohn,Oncology,840-171-5031,431
321,Sibylla Domel,Cardiology,954-672-1801,241
322,Harmon Meneghelli,Oncology,315-842-1784,72
323,Derwin Fullun,Radiology,836-132-0264,177
324,Darryl Pelman,Nutrition,920-971-7325,301
325,Hermie Cisland,Pharmacy,230-651-8872,126
326,Marlo Haselgrove,Neurology,832-433-1325,485
327,Franky Kunath,Physical,968-446-3619,208
328,Farris Fourman,Obstetrics,886-141-9384,390
329,Ciel Leighfield,Pediatrics,131-781-7217,127
330,Ilise Lowres,Oncology,116-119-9107,162
331,Edgar Ornillos,Psychiatry,217-182-5035,362
332,Zebedee Franklyn,Physical,429-814-0462,474
333,Karee Cossey,Nutrition,251-535-4132,449
334,Xever Dunkinson,Surgery,733-913-1409,255
335,Jana Daleman,Neurology,975-888-4159,459
336,Jessa Matteini,Therapy,491-818-4097,16
337,Warde Burthom,Pharmacy,864-573-5304,164
338,Luelle Christopherson,Care,817-993-4951,195
339,Saidee Kruszelnicki,Pediatrics,741-308-7096,80
340,Karen Arington,Laboratory,172-505-3679,54
341,Barrie Siddell,Pharmacy,357-440-9304,435
342,Nickolas Simmonett,Psychiatry,517-773-4375,440
343,Jefferey Kingham,Unit,617-114-6530,385
344,Wallie Auld,Emergency,947-766-0909,209
345,Deloris Derobert,Physical,125-817-8494,97
346,Langsdon MacBean,Unit,676-328-9706,450
347,Peg Clohissy,Nutrition,228-555-1172,271
348,Michal Fewkes,Surgery,955-427-2604,145
349,Roby Lashmore,Cardiology,336-515-3632,189
350,Grier McCrae,Cardiology,656-915-2853,129
351,Onida Canner,Pediatrics,460-811-6541,410
352,Ashlan Tytterton,Pharmacy,354-132-4425,70
353,Barnard Skeel,Care,329-218-0317,423
354,Waylon Brooke,Pharmacy,938-693-2605,407
355,Brenn Crowder,Pediatrics,411-724-9653,361
356,Andra Erlam,Obstetrics,380-757-4738,257
357,Claudian Tantum,Emergency,678-101-2979,1
358,Gibby Bauer,Care,473-265-8190,262
359,Ulick Gowler,Cardiology,998-495-5143,305
360,Vivian Spyvye,Therapy,768-942-1565,179
361,Berky Umbers,Laboratory,525-474-6832,221
362,Derron Abrey,Gynecology,187-416-6009,348
363,Shawna Quidenham,Surgery,243-635-5714,417
364,Esma McNeigh,Radiology,616-780-8409,388
365,Marisa Skullet,Gynecology,707-670-8232,437
366,Trevor Leitch,Radiology,315-921-2950,384
367,Shelli Giorgio,Oncology,859-616-2600,377
368,Lanie Roe,Orthopedics,516-792-9297,329
369,Gaylord Acott,Neurology,338-982-5739,445
370,Randie Cockley,Care,209-493-1767,195
371,Lin Rayment,Gynecology,575-515-9755,425
372,Conrade Dreghorn,Obstetrics,276-233-6290,308
373,Giff Tondeur,Therapy,617-525-8378,397
374,Goran Dabourne,Obstetrics,879-503-5006,17
375,Blake Baroux,Neurology,722-647-0258,448
376,Linn Annesley,Oncology,306-131-7830,15
377,Silvie Capron,Psychiatry,234-850-1453,337
378,Melisa Sapson,Surgery,321-909-6448,77
379,Tybalt Killich,Pediatrics,433-159-2497,397
380,Walt Harbar,Orthopedics,432-531-9477,346
381,Samara Busch,Therapy,927-286-1058,67
382,Tillie Greeno,Pediatrics,268-969-7062,237
383,Billye Clymer,Obstetrics,204-313-0002,233
384,Basile Milward,Pediatrics,649-260-1044,280
385,Bebe Schenkel,Laboratory,264-891-4444,301
386,Delia Leborgne,Obstetrics,967-797-6831,402
387,Reinhold Shepley,Pharmacy,103-484-4167,64
388,Annis Mereweather,Psychiatry,158-464-9817,425
389,Inness Delgado,Radiology,229-482-7445,17
390,Gunter Moyles,Gynecology,889-132-8571,29
391,Corri Wilton,Radiology,222-435-4742,92
392,Zitella Nassey,Radiology,512-462-5693,328
393,Jeanie Attenborough,Unit,279-959-3964,433
394,Val Bewlay,Unit,926-184-2061,335
395,Ramsay Louche,Care,544-598-0819,162
396,Lindi Gamon,Neurology,351-330-8846,331
397,Regen Duckerin,Intensive,366-112-0055,254
398,Wittie Winsor,Therapy,265-945-8919,105
399,Claudine Gilham,Nutrition,526-549-5270,473
400,Marci Dolder,Laboratory,103-880-0680,27
401,Rey Doughill,Care,833-589-9531,101
402,Sandi Peasee,Obstetrics,251-325-8398,372
403,Chastity Itskovitz,Nutrition,518-207-7922,231
404,Isabel Burbank,Unit,715-519-2290,425
405,Clarine Haszard,Therapy,990-975-5581,30
406,Rayshell Keegan,Pharmacy,278-325-2576,367
407,Jennilee Guillot,Surgery,473-667-0967,82
408,Charity Aldwinckle,Cardiology,850-335-1436,274
409,Dolly Twiggins,Obstetrics,374-430-9376,265
410,Carmelle Roll,Radiology,685-880-4202,274
411,Kale O'Toole,Neurology,970-997-4200,319
412,Carney Haney,Pharmacy,523-798-5357,394
413,Even Beartup,Pediatrics,234-238-0045,403
414,Trever Dagnan,Psychiatry,986-466-1501,471
415,Lorrie Petofi,Oncology,900-395-8066,251
416,Zaneta Elce,Pediatrics,377-201-7340,141
417,Genni Dodworth,Pharmacy,399-579-1800,373
418,Sanson Bougourd,Obstetrics,403-141-1248,416
419,Loella Denisovo,Obstetrics,589-470-0854,248
420,Andrey Greetland,Laboratory,438-325-8706,173
421,Kellen Hayhoe,Physical,625-102-9103,232
422,Sissy Abercrombie,Therapy,807-913-9288,208
423,Patton MacCorkell,Orthopedics,295-653-6082,262
424,Pepita Martland,Radiology,874-287-8097,264
425,Liane Ludye,Radiology,729-653-9875,24
426,Binni Quarterman,Laboratory,105-582-8251,44
427,Lilias Millbank,Pediatrics,878-545-6770,432
428,Jill Gareisr,Psychiatry,440-665-7862,35
429,Astrix Witherop,Psychiatry,992-870-0845,311
430,Sam Nudde,Neurology,762-290-9906,493
431,Dougie Carmody,Unit,378-543-6457,148
432,Hilton Afield,Surgery,838-246-2171,268
433,Kesley Curnnok,Laboratory,986-560-0981,116
434,Gabriello Trewett,Obstetrics,431-383-3717,27
435,Slade Hylden,Pharmacy,671-935-6385,382
436,Viviana Franckton,Physical,695-545-6644,224
437,Kurtis Trussell,Unit,992-240-6303,314
438,Northrop Klebes,Gynecology,971-507-6153,500
439,Ethelbert Kubik,Radiology,546-356-4137,365
440,Petronella Spittall,Pediatrics,949-643-5262,142
441,Merill Siney,Radiology,682-210-2377,366
442,Noell Doppler,Therapy,799-165-9706,426
443,Dasi Kleinhaus,Obstetrics,202-914-9120,93
444,Gussie Vogl,Nutrition,441-255-0625,376
445,Adriana Morales,Obstetrics,918-278-0482,234
446,Leslie Fallawe,Radiology,727-291-5439,80
447,Guy Schutter,Physical,123-215-7767,169
448,Maren Ponton,Orthopedics,701-796-3844,156
449,Miguelita Ledgister,Radiology,793-720-5987,315
450,Woodie Siggens,Nutrition,352-377-6461,118
451,Euell Gouthier,Physical,177-294-6786,70
452,Kellby Bartolozzi,Care,656-349-3738,401
453,Garnet Gibbie,Unit,293-425-7550,234
454,Josie Redwall,Psychiatry,397-397-8134,128
455,Elwira Frazier,Emergency,544-806-4747,278
456,Georgine Tumasian,Emergency,798-316-0473,4
457,Ilene Rennebach,Unit,625-956-3072,242
458,Susi Tribe,Nutrition,279-739-4090,128
459,Lori Andell,Physical,953-308-1588,387
460,Ardine Heikkinen,Laboratory,804-984-1183,309
461,Lutero Doubrava,Pharmacy,843-172-9896,83
462,Querida Lownie,Care,757-462-5124,110
463,Kim Crighton,Obstetrics,461-333-3412,120
464,Reeba Hatherill,Pharmacy,541-816-8782,180
465,Daisie Capron,Pharmacy,446-157-9621,388
466,Ophelie Cawcutt,Orthopedics,523-142-2640,448
467,Julie Robinet,Unit,555-461-2390,29
468,Leese Cranstone,Neurology,895-581-9649,449
469,Alejandra Chieco,Nutrition,200-760-6162,335
470,Halsy MacKeeg,Psychiatry,284-513-5481,474
471,Heddi Bath,Oncology,951-351-1995,478
472,Mortie Million,Nutrition,326-663-6004,343
473,Loutitia Snartt,Nutrition,254-295-7197,372
474,Costanza Dummett,Pediatrics,477-545-1168,430
475,Meryl Maffin,Psychiatry,900-921-3923,470
476,Westbrook Coney,Neurology,963-620-6981,137
477,Star Bancroft,Surgery,456-102-9541,225
478,Emmalee Eicheler,Pediatrics,508-197-7911,321
479,Monika Kilfedder,Psychiatry,743-302-5936,161
480,Salaidh Benner,Oncology,269-501-7488,224
481,Carolynn Rosenthaler,Therapy,590-666-5213,127
482,Rebeca Bestwall,Unit,239-606-3021,351
483,Olivia Killingworth,Obstetrics,371-549-7722,215
484,Johanna Runnacles,Gynecology,279-475-9830,89
485,Clayborne Shank,Obstetrics,502-942-5381,416
486,Yovonnda Bunclark,Orthopedics,915-896-4533,366
487,Barry Spensley,Gynecology,735-645-6705,15
488,Anabel Jannex,Physical,866-381-9588,277
489,Sibby Kivell,Cardiology,106-442-0768,282
490,Margalo Clampe,Orthopedics,642-671-8762,463
491,Mariana Quenell,Oncology,286-575-5928,266
492,Terry Ahern,Therapy,847-482-9086,81
493,Warden Gutierrez,Cardiology,986-447-9958,396
494,Kristine Etherington,Radiology,254-867-4402,193
495,Silvester Klas,Laboratory,665-492-1237,212
496,Rachael Pygott,Unit,425-365-5908,337
497,Constantine Andreoletti,Intensive,704-162-0888,498
498,Grete Mardle,Neurology,760-859-1710,310
499,Averill Aldersea,Oncology,904-643-5151,402
500,Jeana McGarry,Unit,890-865-0466,293
